<?xml version="1.0" encoding="UTF-8"?>
<HealthData locale="en_US">
  <ExportDate value="2026-02-08 12:00:00 +0000"/>
  <Me HKCharacteristicTypeIdentifierDateOfBirth="1998-04-14" HKCharacteristicTypeIdentifierBiologicalSex="HKBiologicalSexFemale" HKCharacteristicTypeIdentifierBloodType="HKBloodTypeNotSet" HKCharacteristicTypeIdentifierFitzpatrickSkinType="HKFitzpatrickSkinTypeNotSet"/>
  <Record type="HKQuantityTypeIdentifierRestingHeartRate" sourceName="Apple Watch" sourceVersion="10.0" unit="count/min" creationDate="2026-01-10 07:12:00 +0000" startDate="2026-01-10 07:10:00 +0000" endDate="2026-01-10 07:12:00 +0000" value="62.4" device="<<HKDevice: 0xDEMO>, name:Apple Watch, model:Watch, hardware:Watch7,4, software:10.0>"/>
  <Record type="HKQuantityTypeIdentifierRestingHeartRate" sourceName="Apple Watch" sourceVersion="10.0" unit="count/min" creationDate="2026-01-10 07:20:00 +0000" startDate="2026-01-10 07:18:00 +0000" endDate="2026-01-10 07:20:00 +0000" value="63.8" device="<<HKDevice: 0xDEMO>, name:Apple Watch, model:Watch, hardware:Watch7,4, software:10.0>"/>
  <Record type="HKQuantityTypeIdentifierRestingHeartRate" sourceName="Apple Watch" sourceVersion="10.0" unit="count/min" creationDate="2026-01-10 07:28:00 +0000" startDate="2026-01-10 07:26:00 +0000" endDate="2026-01-10 07:28:00 +0000" value="65.0" device="<<HKDevice: 0xDEMO>, name:Apple Watch, model:Watch, hardware:Watch7,4, software:10.0>"/>
  <Record type="HKQuantityTypeIdentifierHeartRateVariabilitySDNN" sourceName="Apple Watch" sourceVersion="10.0" unit="ms" creationDate="2026-01-10 06:43:00 +0000" startDate="2026-01-10 06:40:00 +0000" endDate="2026-01-10 06:43:00 +0000" value="51.9" device="<<HKDevice: 0xDEMO>, name:Apple Watch, model:Watch, hardware:Watch7,4, software:10.0>"/>
  <Record type="HKQuantityTypeIdentifierHeartRateVariabilitySDNN" sourceName="Apple Watch" sourceVersion="10.0" unit="ms" creationDate="2026-01-10 06:53:00 +0000" startDate="2026-01-10 06:50:00 +0000" endDate="2026-01-10 06:53:00 +0000" value="57.2" device="<<HKDevice: 0xDEMO>, name:Apple Watch, model:Watch, hardware:Watch7,4, software:10.0>"/>
  <Record type="HKQuantityTypeIdentifierAppleStandTime" sourceName="Apple Watch" sourceVersion="10.0" unit="min" creationDate="2026-01-10 21:01:00 +0000" startDate="2026-01-10 21:00:00 +0000" endDate="2026-01-10 21:01:00 +0000" value="84.4" device="<<HKDevice: 0xDEMO>, name:Apple Watch, model:Watch, hardware:Watch7,4, software:10.0>"/>
  <Record type="HKQuantityTypeIdentifierAppleExerciseTime" sourceName="Apple Watch" sourceVersion="10.0" unit="min" creationDate="2026-01-10 21:06:00 +0000" startDate="2026-01-10 21:05:00 +0000" endDate="2026-01-10 21:06:00 +0000" value="47.5" device="<<HKDevice: 0xDEMO>, name:Apple Watch, model:Watch, hardware:Watch7,4, software:10.0>"/>
  <Record type="HKQuantityTypeIdentifierRestingHeartRate" sourceName="Apple Watch" sourceVersion="10.0" unit="count/min" creationDate="2026-01-11 07:12:00 +0000" startDate="2026-01-11 07:10:00 +0000" endDate="2026-01-11 07:12:00 +0000" value="62.8" device="<<HKDevice: 0xDEMO>, name:Apple Watch, model:Watch, hardware:Watch7,4, software:10.0>"/>
  <Record type="HKQuantityTypeIdentifierRestingHeartRate" sourceName="Apple Watch" sourceVersion="10.0" unit="count/min" creationDate="2026-01-11 07:20:00 +0000" startDate="2026-01-11 07:18:00 +0000" endDate="2026-01-11 07:20:00 +0000" value="63.3" device="<<HKDevice: 0xDEMO>, name:Apple Watch, model:Watch, hardware:Watch7,4, software:10.0>"/>
  <Record type="HKQuantityTypeIdentifierRestingHeartRate" sourceName="Apple Watch" sourceVersion="10.0" unit="count/min" creationDate="2026-01-11 07:28:00 +0000" startDate="2026-01-11 07:26:00 +0000" endDate="2026-01-11 07:28:00 +0000" value="65.3" device="<<HKDevice: 0xDEMO>, name:Apple Watch, model:Watch, hardware:Watch7,4, software:10.0>"/>
  <Record type="HKQuantityTypeIdentifierHeartRateVariabilitySDNN" sourceName="Apple Watch" sourceVersion="10.0" unit="ms" creationDate="2026-01-11 06:43:00 +0000" startDate="2026-01-11 06:40:00 +0000" endDate="2026-01-11 06:43:00 +0000" value="50.8" device="<<HKDevice: 0xDEMO>, name:Apple Watch, model:Watch, hardware:Watch7,4, software:10.0>"/>
  <Record type="HKQuantityTypeIdentifierHeartRateVariabilitySDNN" sourceName="Apple Watch" sourceVersion="10.0" unit="ms" creationDate="2026-01-11 06:53:00 +0000" startDate="2026-01-11 06:50:00 +0000" endDate="2026-01-11 06:53:00 +0000" value="57.7" device="<<HKDevice: 0xDEMO>, name:Apple Watch, model:Watch, hardware:Watch7,4, software:10.0>"/>
  <Record type="HKQuantityTypeIdentifierAppleStandTime" sourceName="Apple Watch" sourceVersion="10.0" unit="min" creationDate="2026-01-11 21:01:00 +0000" startDate="2026-01-11 21:00:00 +0000" endDate="2026-01-11 21:01:00 +0000" value="82.0" device="<<HKDevice: 0xDEMO>, name:Apple Watch, model:Watch, hardware:Watch7,4, software:10.0>"/>
  <Record type="HKQuantityTypeIdentifierAppleExerciseTime" sourceName="Apple Watch" sourceVersion="10.0" unit="min" creationDate="2026-01-11 21:06:00 +0000" startDate="2026-01-11 21:05:00 +0000" endDate="2026-01-11 21:06:00 +0000" value="48.8" device="<<HKDevice: 0xDEMO>, name:Apple Watch, model:Watch, hardware:Watch7,4, software:10.0>"/>
  <Record type="HKQuantityTypeIdentifierRestingHeartRate" sourceName="Apple Watch" sourceVersion="10.0" unit="count/min" creationDate="2026-01-12 07:12:00 +0000" startDate="2026-01-12 07:10:00 +0000" endDate="2026-01-12 07:12:00 +0000" value="61.8" device="<<HKDevice: 0xDEMO>, name:Apple Watch, model:Watch, hardware:Watch7,4, software:10.0>"/>
  <Record type="HKQuantityTypeIdentifierRestingHeartRate" sourceName="Apple Watch" sourceVersion="10.0" unit="count/min" creationDate="2026-01-12 07:20:00 +0000" startDate="2026-01-12 07:18:00 +0000" endDate="2026-01-12 07:20:00 +0000" value="62.9" device="<<HKDevice: 0xDEMO>, name:Apple Watch, model:Watch, hardware:Watch7,4, software:10.0>"/>
  <Record type="HKQuantityTypeIdentifierRestingHeartRate" sourceName="Apple Watch" sourceVersion="10.0" unit="count/min" creationDate="2026-01-12 07:28:00 +0000" startDate="2026-01-12 07:26:00 +0000" endDate="2026-01-12 07:28:00 +0000" value="64.6" device="<<HKDevice: 0xDEMO>, name:Apple Watch, model:Watch, hardware:Watch7,4, software:10.0>"/>
  <Record type="HKQuantityTypeIdentifierHeartRateVariabilitySDNN" sourceName="Apple Watch" sourceVersion="10.0" unit="ms" creationDate="2026-01-12 06:43:00 +0000" startDate="2026-01-12 06:40:00 +0000" endDate="2026-01-12 06:43:00 +0000" value="49.7" device="<<HKDevice: 0xDEMO>, name:Apple Watch, model:Watch, hardware:Watch7,4, software:10.0>"/>
  <Record type="HKQuantityTypeIdentifierHeartRateVariabilitySDNN" sourceName="Apple Watch" sourceVersion="10.0" unit="ms" creationDate="2026-01-12 06:53:00 +0000" startDate="2026-01-12 06:50:00 +0000" endDate="2026-01-12 06:53:00 +0000" value="56.2" device="<<HKDevice: 0xDEMO>, name:Apple Watch, model:Watch, hardware:Watch7,4, software:10.0>"/>
  <Record type="HKQuantityTypeIdentifierAppleStandTime" sourceName="Apple Watch" sourceVersion="10.0" unit="min" creationDate="2026-01-12 21:01:00 +0000" startDate="2026-01-12 21:00:00 +0000" endDate="2026-01-12 21:01:00 +0000" value="79.4" device="<<HKDevice: 0xDEMO>, name:Apple Watch, model:Watch, hardware:Watch7,4, software:10.0>"/>
  <Record type="HKQuantityTypeIdentifierAppleExerciseTime" sourceName="Apple Watch" sourceVersion="10.0" unit="min" creationDate="2026-01-12 21:06:00 +0000" startDate="2026-01-12 21:05:00 +0000" endDate="2026-01-12 21:06:00 +0000" value="45.0" device="<<HKDevice: 0xDEMO>, name:Apple Watch, model:Watch, hardware:Watch7,4, software:10.0>"/>
  <Record type="HKQuantityTypeIdentifierRestingHeartRate" sourceName="Apple Watch" sourceVersion="10.0" unit="count/min" creationDate="2026-01-13 07:12:00 +0000" startDate="2026-01-13 07:10:00 +0000" endDate="2026-01-13 07:12:00 +0000" value="60.2" device="<<HKDevice: 0xDEMO>, name:Apple Watch, model:Watch, hardware:Watch7,4, software:10.0>"/>
  <Record type="HKQuantityTypeIdentifierRestingHeartRate" sourceName="Apple Watch" sourceVersion="10.0" unit="count/min" creationDate="2026-01-13 07:20:00 +0000" startDate="2026-01-13 07:18:00 +0000" endDate="2026-01-13 07:20:00 +0000" value="62.4" device="<<HKDevice: 0xDEMO>, name:Apple Watch, model:Watch, hardware:Watch7,4, software:10.0>"/>
  <Record type="HKQuantityTypeIdentifierRestingHeartRate" sourceName="Apple Watch" sourceVersion="10.0" unit="count/min" creationDate="2026-01-13 07:28:00 +0000" startDate="2026-01-13 07:26:00 +0000" endDate="2026-01-13 07:28:00 +0000" value="63.4" device="<<HKDevice: 0xDEMO>, name:Apple Watch, model:Watch, hardware:Watch7,4, software:10.0>"/>
  <Record type="HKQuantityTypeIdentifierHeartRateVariabilitySDNN" sourceName="Apple Watch" sourceVersion="10.0" unit="ms" creationDate="2026-01-13 06:43:00 +0000" startDate="2026-01-13 06:40:00 +0000" endDate="2026-01-13 06:43:00 +0000" value="48.6" device="<<HKDevice: 0xDEMO>, name:Apple Watch, model:Watch, hardware:Watch7,4, software:10.0>"/>
  <Record type="HKQuantityTypeIdentifierHeartRateVariabilitySDNN" sourceName="Apple Watch" sourceVersion="10.0" unit="ms" creationDate="2026-01-13 06:53:00 +0000" startDate="2026-01-13 06:50:00 +0000" endDate="2026-01-13 06:53:00 +0000" value="53.8" device="<<HKDevice: 0xDEMO>, name:Apple Watch, model:Watch, hardware:Watch7,4, software:10.0>"/>
  <Record type="HKQuantityTypeIdentifierAppleStandTime" sourceName="Apple Watch" sourceVersion="10.0" unit="min" creationDate="2026-01-13 21:01:00 +0000" startDate="2026-01-13 21:00:00 +0000" endDate="2026-01-13 21:01:00 +0000" value="76.8" device="<<HKDevice: 0xDEMO>, name:Apple Watch, model:Watch, hardware:Watch7,4, software:10.0>"/>
  <Record type="HKQuantityTypeIdentifierAppleExerciseTime" sourceName="Apple Watch" sourceVersion="10.0" unit="min" creationDate="2026-01-13 21:06:00 +0000" startDate="2026-01-13 21:05:00 +0000" endDate="2026-01-13 21:06:00 +0000" value="38.9" device="<<HKDevice: 0xDEMO>, name:Apple Watch, model:Watch, hardware:Watch7,4, software:10.0>"/>
  <Record type="HKQuantityTypeIdentifierRestingHeartRate" sourceName="Apple Watch" sourceVersion="10.0" unit="count/min" creationDate="2026-01-14 07:12:00 +0000" startDate="2026-01-14 07:10:00 +0000" endDate="2026-01-14 07:12:00 +0000" value="59.2" device="<<HKDevice: 0xDEMO>, name:Apple Watch, model:Watch, hardware:Watch7,4, software:10.0>"/>
  <Record type="HKQuantityTypeIdentifierRestingHeartRate" sourceName="Apple Watch" sourceVersion="10.0" unit="count/min" creationDate="2026-01-14 07:20:00 +0000" startDate="2026-01-14 07:18:00 +0000" endDate="2026-01-14 07:20:00 +0000" value="62.1" device="<<HKDevice: 0xDEMO>, name:Apple Watch, model:Watch, hardware:Watch7,4, software:10.0>"/>
  <Record type="HKQuantityTypeIdentifierRestingHeartRate" sourceName="Apple Watch" sourceVersion="10.0" unit="count/min" creationDate="2026-01-14 07:28:00 +0000" startDate="2026-01-14 07:26:00 +0000" endDate="2026-01-14 07:28:00 +0000" value="62.7" device="<<HKDevice: 0xDEMO>, name:Apple Watch, model:Watch, hardware:Watch7,4, software:10.0>"/>
  <Record type="HKQuantityTypeIdentifierHeartRateVariabilitySDNN" sourceName="Apple Watch" sourceVersion="10.0" unit="ms" creationDate="2026-01-14 06:43:00 +0000" startDate="2026-01-14 06:40:00 +0000" endDate="2026-01-14 06:43:00 +0000" value="47.7" device="<<HKDevice: 0xDEMO>, name:Apple Watch, model:Watch, hardware:Watch7,4, software:10.0>"/>
  <Record type="HKQuantityTypeIdentifierHeartRateVariabilitySDNN" sourceName="Apple Watch" sourceVersion="10.0" unit="ms" creationDate="2026-01-14 06:53:00 +0000" startDate="2026-01-14 06:50:00 +0000" endDate="2026-01-14 06:53:00 +0000" value="52.3" device="<<HKDevice: 0xDEMO>, name:Apple Watch, model:Watch, hardware:Watch7,4, software:10.0>"/>
  <Record type="HKQuantityTypeIdentifierAppleStandTime" sourceName="Apple Watch" sourceVersion="10.0" unit="min" creationDate="2026-01-14 21:01:00 +0000" startDate="2026-01-14 21:00:00 +0000" endDate="2026-01-14 21:01:00 +0000" value="74.6" device="<<HKDevice: 0xDEMO>, name:Apple Watch, model:Watch, hardware:Watch7,4, software:10.0>"/>
  <Record type="HKQuantityTypeIdentifierAppleExerciseTime" sourceName="Apple Watch" sourceVersion="10.0" unit="min" creationDate="2026-01-14 21:06:00 +0000" startDate="2026-01-14 21:05:00 +0000" endDate="2026-01-14 21:06:00 +0000" value="35.2" device="<<HKDevice: 0xDEMO>, name:Apple Watch, model:Watch, hardware:Watch7,4, software:10.0>"/>
  <Record type="HKQuantityTypeIdentifierRestingHeartRate" sourceName="Apple Watch" sourceVersion="10.0" unit="count/min" creationDate="2026-01-15 07:12:00 +0000" startDate="2026-01-15 07:10:00 +0000" endDate="2026-01-15 07:12:00 +0000" value="59.6" device="<<HKDevice: 0xDEMO>, name:Apple Watch, model:Watch, hardware:Watch7,4, software:10.0>"/>
  <Record type="HKQuantityTypeIdentifierRestingHeartRate" sourceName="Apple Watch" sourceVersion="10.0" unit="count/min" creationDate="2026-01-15 07:20:00 +0000" startDate="2026-01-15 07:18:00 +0000" endDate="2026-01-15 07:20:00 +0000" value="61.8" device="<<HKDevice: 0xDEMO>, name:Apple Watch, model:Watch, hardware:Watch7,4, software:10.0>"/>
  <Record type="HKQuantityTypeIdentifierRestingHeartRate" sourceName="Apple Watch" sourceVersion="10.0" unit="count/min" creationDate="2026-01-15 07:28:00 +0000" startDate="2026-01-15 07:26:00 +0000" endDate="2026-01-15 07:28:00 +0000" value="63.0" device="<<HKDevice: 0xDEMO>, name:Apple Watch, model:Watch, hardware:Watch7,4, software:10.0>"/>
  <Record type="HKQuantityTypeIdentifierHeartRateVariabilitySDNN" sourceName="Apple Watch" sourceVersion="10.0" unit="ms" creationDate="2026-01-15 06:43:00 +0000" startDate="2026-01-15 06:40:00 +0000" endDate="2026-01-15 06:43:00 +0000" value="47.0" device="<<HKDevice: 0xDEMO>, name:Apple Watch, model:Watch, hardware:Watch7,4, software:10.0>"/>
  <Record type="HKQuantityTypeIdentifierHeartRateVariabilitySDNN" sourceName="Apple Watch" sourceVersion="10.0" unit="ms" creationDate="2026-01-15 06:53:00 +0000" startDate="2026-01-15 06:50:00 +0000" endDate="2026-01-15 06:53:00 +0000" value="52.8" device="<<HKDevice: 0xDEMO>, name:Apple Watch, model:Watch, hardware:Watch7,4, software:10.0>"/>
  <Record type="HKQuantityTypeIdentifierAppleStandTime" sourceName="Apple Watch" sourceVersion="10.0" unit="min" creationDate="2026-01-15 21:01:00 +0000" startDate="2026-01-15 21:00:00 +0000" endDate="2026-01-15 21:01:00 +0000" value="73.0" device="<<HKDevice: 0xDEMO>, name:Apple Watch, model:Watch, hardware:Watch7,4, software:10.0>"/>
  <Record type="HKQuantityTypeIdentifierAppleExerciseTime" sourceName="Apple Watch" sourceVersion="10.0" unit="min" creationDate="2026-01-15 21:06:00 +0000" startDate="2026-01-15 21:05:00 +0000" endDate="2026-01-15 21:06:00 +0000" value="36.6" device="<<HKDevice: 0xDEMO>, name:Apple Watch, model:Watch, hardware:Watch7,4, software:10.0>"/>
  <Record type="HKQuantityTypeIdentifierRestingHeartRate" sourceName="Apple Watch" sourceVersion="10.0" unit="count/min" creationDate="2026-01-16 07:12:00 +0000" startDate="2026-01-16 07:10:00 +0000" endDate="2026-01-16 07:12:00 +0000" value="61.0" device="<<HKDevice: 0xDEMO>, name:Apple Watch, model:Watch, hardware:Watch7,4, software:10.0>"/>
  <Record type="HKQuantityTypeIdentifierRestingHeartRate" sourceName="Apple Watch" sourceVersion="10.0" unit="count/min" creationDate="2026-01-16 07:20:00 +0000" startDate="2026-01-16 07:18:00 +0000" endDate="2026-01-16 07:20:00 +0000" value="61.6" device="<<HKDevice: 0xDEMO>, name:Apple Watch, model:Watch, hardware:Watch7,4, software:10.0>"/>
  <Record type="HKQuantityTypeIdentifierRestingHeartRate" sourceName="Apple Watch" sourceVersion="10.0" unit="count/min" creationDate="2026-01-16 07:28:00 +0000" startDate="2026-01-16 07:26:00 +0000" endDate="2026-01-16 07:28:00 +0000" value="64.0" device="<<HKDevice: 0xDEMO>, name:Apple Watch, model:Watch, hardware:Watch7,4, software:10.0>"/>
  <Record type="HKQuantityTypeIdentifierHeartRateVariabilitySDNN" sourceName="Apple Watch" sourceVersion="10.0" unit="ms" creationDate="2026-01-16 06:43:00 +0000" startDate="2026-01-16 06:40:00 +0000" endDate="2026-01-16 06:43:00 +0000" value="46.6" device="<<HKDevice: 0xDEMO>, name:Apple Watch, model:Watch, hardware:Watch7,4, software:10.0>"/>
  <Record type="HKQuantityTypeIdentifierHeartRateVariabilitySDNN" sourceName="Apple Watch" sourceVersion="10.0" unit="ms" creationDate="2026-01-16 06:53:00 +0000" startDate="2026-01-16 06:50:00 +0000" endDate="2026-01-16 06:53:00 +0000" value="55.0" device="<<HKDevice: 0xDEMO>, name:Apple Watch, model:Watch, hardware:Watch7,4, software:10.0>"/>
  <Record type="HKQuantityTypeIdentifierAppleStandTime" sourceName="Apple Watch" sourceVersion="10.0" unit="min" creationDate="2026-01-16 21:01:00 +0000" startDate="2026-01-16 21:00:00 +0000" endDate="2026-01-16 21:01:00 +0000" value="72.1" device="<<HKDevice: 0xDEMO>, name:Apple Watch, model:Watch, hardware:Watch7,4, software:10.0>"/>
  <Record type="HKQuantityTypeIdentifierAppleExerciseTime" sourceName="Apple Watch" sourceVersion="10.0" unit="min" creationDate="2026-01-16 21:06:00 +0000" startDate="2026-01-16 21:05:00 +0000" endDate="2026-01-16 21:06:00 +0000" value="42.1" device="<<HKDevice: 0xDEMO>, name:Apple Watch, model:Watch, hardware:Watch7,4, software:10.0>"/>
  <Record type="HKQuantityTypeIdentifierRestingHeartRate" sourceName="Apple Watch" sourceVersion="10.0" unit="count/min" creationDate="2026-01-17 07:12:00 +0000" startDate="2026-01-17 07:10:00 +0000" endDate="2026-01-17 07:12:00 +0000" value="62.4" device="<<HKDevice: 0xDEMO>, name:Apple Watch, model:Watch, hardware:Watch7,4, software:10.0>"/>
  <Record type="HKQuantityTypeIdentifierRestingHeartRate" sourceName="Apple Watch" sourceVersion="10.0" unit="count/min" creationDate="2026-01-17 07:20:00 +0000" startDate="2026-01-17 07:18:00 +0000" endDate="2026-01-17 07:20:00 +0000" value="61.6" device="<<HKDevice: 0xDEMO>, name:Apple Watch, model:Watch, hardware:Watch7,4, software:10.0>"/>
  <Record type="HKQuantityTypeIdentifierRestingHeartRate" sourceName="Apple Watch" sourceVersion="10.0" unit="count/min" creationDate="2026-01-17 07:28:00 +0000" startDate="2026-01-17 07:26:00 +0000" endDate="2026-01-17 07:28:00 +0000" value="65.0" device="<<HKDevice: 0xDEMO>, name:Apple Watch, model:Watch, hardware:Watch7,4, software:10.0>"/>
  <Record type="HKQuantityTypeIdentifierHeartRateVariabilitySDNN" sourceName="Apple Watch" sourceVersion="10.0" unit="ms" creationDate="2026-01-17 06:43:00 +0000" startDate="2026-01-17 06:40:00 +0000" endDate="2026-01-17 06:43:00 +0000" value="46.6" device="<<HKDevice: 0xDEMO>, name:Apple Watch, model:Watch, hardware:Watch7,4, software:10.0>"/>
  <Record type="HKQuantityTypeIdentifierHeartRateVariabilitySDNN" sourceName="Apple Watch" sourceVersion="10.0" unit="ms" creationDate="2026-01-17 06:53:00 +0000" startDate="2026-01-17 06:50:00 +0000" endDate="2026-01-17 06:53:00 +0000" value="57.2" device="<<HKDevice: 0xDEMO>, name:Apple Watch, model:Watch, hardware:Watch7,4, software:10.0>"/>
  <Record type="HKQuantityTypeIdentifierAppleStandTime" sourceName="Apple Watch" sourceVersion="10.0" unit="min" creationDate="2026-01-17 21:01:00 +0000" startDate="2026-01-17 21:00:00 +0000" endDate="2026-01-17 21:01:00 +0000" value="72.1" device="<<HKDevice: 0xDEMO>, name:Apple Watch, model:Watch, hardware:Watch7,4, software:10.0>"/>
  <Record type="HKQuantityTypeIdentifierAppleExerciseTime" sourceName="Apple Watch" sourceVersion="10.0" unit="min" creationDate="2026-01-17 21:06:00 +0000" startDate="2026-01-17 21:05:00 +0000" endDate="2026-01-17 21:06:00 +0000" value="47.6" device="<<HKDevice: 0xDEMO>, name:Apple Watch, model:Watch, hardware:Watch7,4, software:10.0>"/>
  <Record type="HKQuantityTypeIdentifierRestingHeartRate" sourceName="Apple Watch" sourceVersion="10.0" unit="count/min" creationDate="2026-01-18 07:12:00 +0000" startDate="2026-01-18 07:10:00 +0000" endDate="2026-01-18 07:12:00 +0000" value="62.7" device="<<HKDevice: 0xDEMO>, name:Apple Watch, model:Watch, hardware:Watch7,4, software:10.0>"/>
  <Record type="HKQuantityTypeIdentifierRestingHeartRate" sourceName="Apple Watch" sourceVersion="10.0" unit="count/min" creationDate="2026-01-18 07:20:00 +0000" startDate="2026-01-18 07:18:00 +0000" endDate="2026-01-18 07:20:00 +0000" value="61.8" device="<<HKDevice: 0xDEMO>, name:Apple Watch, model:Watch, hardware:Watch7,4, software:10.0>"/>
  <Record type="HKQuantityTypeIdentifierRestingHeartRate" sourceName="Apple Watch" sourceVersion="10.0" unit="count/min" creationDate="2026-01-18 07:28:00 +0000" startDate="2026-01-18 07:26:00 +0000" endDate="2026-01-18 07:28:00 +0000" value="65.3" device="<<HKDevice: 0xDEMO>, name:Apple Watch, model:Watch, hardware:Watch7,4, software:10.0>"/>
  <Record type="HKQuantityTypeIdentifierHeartRateVariabilitySDNN" sourceName="Apple Watch" sourceVersion="10.0" unit="ms" creationDate="2026-01-18 06:43:00 +0000" startDate="2026-01-18 06:40:00 +0000" endDate="2026-01-18 06:43:00 +0000" value="47.0" device="<<HKDevice: 0xDEMO>, name:Apple Watch, model:Watch, hardware:Watch7,4, software:10.0>"/>
  <Record type="HKQuantityTypeIdentifierHeartRateVariabilitySDNN" sourceName="Apple Watch" sourceVersion="10.0" unit="ms" creationDate="2026-01-18 06:53:00 +0000" startDate="2026-01-18 06:50:00 +0000" endDate="2026-01-18 06:53:00 +0000" value="57.7" device="<<HKDevice: 0xDEMO>, name:Apple Watch, model:Watch, hardware:Watch7,4, software:10.0>"/>
  <Record type="HKQuantityTypeIdentifierAppleStandTime" sourceName="Apple Watch" sourceVersion="10.0" unit="min" creationDate="2026-01-18 21:01:00 +0000" startDate="2026-01-18 21:00:00 +0000" endDate="2026-01-18 21:01:00 +0000" value="72.9" device="<<HKDevice: 0xDEMO>, name:Apple Watch, model:Watch, hardware:Watch7,4, software:10.0>"/>
  <Record type="HKQuantityTypeIdentifierAppleExerciseTime" sourceName="Apple Watch" sourceVersion="10.0" unit="min" creationDate="2026-01-18 21:06:00 +0000" startDate="2026-01-18 21:05:00 +0000" endDate="2026-01-18 21:06:00 +0000" value="48.8" device="<<HKDevice: 0xDEMO>, name:Apple Watch, model:Watch, hardware:Watch7,4, software:10.0>"/>
  <Record type="HKQuantityTypeIdentifierRestingHeartRate" sourceName="Apple Watch" sourceVersion="10.0" unit="count/min" creationDate="2026-01-19 07:12:00 +0000" startDate="2026-01-19 07:10:00 +0000" endDate="2026-01-19 07:12:00 +0000" value="61.7" device="<<HKDevice: 0xDEMO>, name:Apple Watch, model:Watch, hardware:Watch7,4, software:10.0>"/>
  <Record type="HKQuantityTypeIdentifierRestingHeartRate" sourceName="Apple Watch" sourceVersion="10.0" unit="count/min" creationDate="2026-01-19 07:20:00 +0000" startDate="2026-01-19 07:18:00 +0000" endDate="2026-01-19 07:20:00 +0000" value="62.0" device="<<HKDevice: 0xDEMO>, name:Apple Watch, model:Watch, hardware:Watch7,4, software:10.0>"/>
  <Record type="HKQuantityTypeIdentifierRestingHeartRate" sourceName="Apple Watch" sourceVersion="10.0" unit="count/min" creationDate="2026-01-19 07:28:00 +0000" startDate="2026-01-19 07:26:00 +0000" endDate="2026-01-19 07:28:00 +0000" value="64.5" device="<<HKDevice: 0xDEMO>, name:Apple Watch, model:Watch, hardware:Watch7,4, software:10.0>"/>
  <Record type="HKQuantityTypeIdentifierHeartRateVariabilitySDNN" sourceName="Apple Watch" sourceVersion="10.0" unit="ms" creationDate="2026-01-19 06:43:00 +0000" startDate="2026-01-19 06:40:00 +0000" endDate="2026-01-19 06:43:00 +0000" value="47.7" device="<<HKDevice: 0xDEMO>, name:Apple Watch, model:Watch, hardware:Watch7,4, software:10.0>"/>
  <Record type="HKQuantityTypeIdentifierHeartRateVariabilitySDNN" sourceName="Apple Watch" sourceVersion="10.0" unit="ms" creationDate="2026-01-19 06:53:00 +0000" startDate="2026-01-19 06:50:00 +0000" endDate="2026-01-19 06:53:00 +0000" value="56.2" device="<<HKDevice: 0xDEMO>, name:Apple Watch, model:Watch, hardware:Watch7,4, software:10.0>"/>
  <Record type="HKQuantityTypeIdentifierAppleStandTime" sourceName="Apple Watch" sourceVersion="10.0" unit="min" creationDate="2026-01-19 21:01:00 +0000" startDate="2026-01-19 21:00:00 +0000" endDate="2026-01-19 21:01:00 +0000" value="74.5" device="<<HKDevice: 0xDEMO>, name:Apple Watch, model:Watch, hardware:Watch7,4, software:10.0>"/>
  <Record type="HKQuantityTypeIdentifierAppleExerciseTime" sourceName="Apple Watch" sourceVersion="10.0" unit="min" creationDate="2026-01-19 21:06:00 +0000" startDate="2026-01-19 21:05:00 +0000" endDate="2026-01-19 21:06:00 +0000" value="44.9" device="<<HKDevice: 0xDEMO>, name:Apple Watch, model:Watch, hardware:Watch7,4, software:10.0>"/>
  <Record type="HKQuantityTypeIdentifierRestingHeartRate" sourceName="Apple Watch" sourceVersion="10.0" unit="count/min" creationDate="2026-01-20 07:12:00 +0000" startDate="2026-01-20 07:10:00 +0000" endDate="2026-01-20 07:12:00 +0000" value="60.2" device="<<HKDevice: 0xDEMO>, name:Apple Watch, model:Watch, hardware:Watch7,4, software:10.0>"/>
  <Record type="HKQuantityTypeIdentifierRestingHeartRate" sourceName="Apple Watch" sourceVersion="10.0" unit="count/min" creationDate="2026-01-20 07:20:00 +0000" startDate="2026-01-20 07:18:00 +0000" endDate="2026-01-20 07:20:00 +0000" value="62.4" device="<<HKDevice: 0xDEMO>, name:Apple Watch, model:Watch, hardware:Watch7,4, software:10.0>"/>
  <Record type="HKQuantityTypeIdentifierRestingHeartRate" sourceName="Apple Watch" sourceVersion="10.0" unit="count/min" creationDate="2026-01-20 07:28:00 +0000" startDate="2026-01-20 07:26:00 +0000" endDate="2026-01-20 07:28:00 +0000" value="63.4" device="<<HKDevice: 0xDEMO>, name:Apple Watch, model:Watch, hardware:Watch7,4, software:10.0>"/>
  <Record type="HKQuantityTypeIdentifierHeartRateVariabilitySDNN" sourceName="Apple Watch" sourceVersion="10.0" unit="ms" creationDate="2026-01-20 06:43:00 +0000" startDate="2026-01-20 06:40:00 +0000" endDate="2026-01-20 06:43:00 +0000" value="48.6" device="<<HKDevice: 0xDEMO>, name:Apple Watch, model:Watch, hardware:Watch7,4, software:10.0>"/>
  <Record type="HKQuantityTypeIdentifierHeartRateVariabilitySDNN" sourceName="Apple Watch" sourceVersion="10.0" unit="ms" creationDate="2026-01-20 06:53:00 +0000" startDate="2026-01-20 06:50:00 +0000" endDate="2026-01-20 06:53:00 +0000" value="53.7" device="<<HKDevice: 0xDEMO>, name:Apple Watch, model:Watch, hardware:Watch7,4, software:10.0>"/>
  <Record type="HKQuantityTypeIdentifierAppleStandTime" sourceName="Apple Watch" sourceVersion="10.0" unit="min" creationDate="2026-01-20 21:01:00 +0000" startDate="2026-01-20 21:00:00 +0000" endDate="2026-01-20 21:01:00 +0000" value="76.7" device="<<HKDevice: 0xDEMO>, name:Apple Watch, model:Watch, hardware:Watch7,4, software:10.0>"/>
  <Record type="HKQuantityTypeIdentifierAppleExerciseTime" sourceName="Apple Watch" sourceVersion="10.0" unit="min" creationDate="2026-01-20 21:06:00 +0000" startDate="2026-01-20 21:05:00 +0000" endDate="2026-01-20 21:06:00 +0000" value="38.8" device="<<HKDevice: 0xDEMO>, name:Apple Watch, model:Watch, hardware:Watch7,4, software:10.0>"/>
  <Record type="HKQuantityTypeIdentifierRestingHeartRate" sourceName="Apple Watch" sourceVersion="10.0" unit="count/min" creationDate="2026-01-21 07:12:00 +0000" startDate="2026-01-21 07:10:00 +0000" endDate="2026-01-21 07:12:00 +0000" value="59.2" device="<<HKDevice: 0xDEMO>, name:Apple Watch, model:Watch, hardware:Watch7,4, software:10.0>"/>
  <Record type="HKQuantityTypeIdentifierRestingHeartRate" sourceName="Apple Watch" sourceVersion="10.0" unit="count/min" creationDate="2026-01-21 07:20:00 +0000" startDate="2026-01-21 07:18:00 +0000" endDate="2026-01-21 07:20:00 +0000" value="62.9" device="<<HKDevice: 0xDEMO>, name:Apple Watch, model:Watch, hardware:Watch7,4, software:10.0>"/>
  <Record type="HKQuantityTypeIdentifierRestingHeartRate" sourceName="Apple Watch" sourceVersion="10.0" unit="count/min" creationDate="2026-01-21 07:28:00 +0000" startDate="2026-01-21 07:26:00 +0000" endDate="2026-01-21 07:28:00 +0000" value="62.7" device="<<HKDevice: 0xDEMO>, name:Apple Watch, model:Watch, hardware:Watch7,4, software:10.0>"/>
  <Record type="HKQuantityTypeIdentifierHeartRateVariabilitySDNN" sourceName="Apple Watch" sourceVersion="10.0" unit="ms" creationDate="2026-01-21 06:43:00 +0000" startDate="2026-01-21 06:40:00 +0000" endDate="2026-01-21 06:43:00 +0000" value="49.7" device="<<HKDevice: 0xDEMO>, name:Apple Watch, model:Watch, hardware:Watch7,4, software:10.0>"/>
  <Record type="HKQuantityTypeIdentifierHeartRateVariabilitySDNN" sourceName="Apple Watch" sourceVersion="10.0" unit="ms" creationDate="2026-01-21 06:53:00 +0000" startDate="2026-01-21 06:50:00 +0000" endDate="2026-01-21 06:53:00 +0000" value="52.3" device="<<HKDevice: 0xDEMO>, name:Apple Watch, model:Watch, hardware:Watch7,4, software:10.0>"/>
  <Record type="HKQuantityTypeIdentifierAppleStandTime" sourceName="Apple Watch" sourceVersion="10.0" unit="min" creationDate="2026-01-21 21:01:00 +0000" startDate="2026-01-21 21:00:00 +0000" endDate="2026-01-21 21:01:00 +0000" value="79.3" device="<<HKDevice: 0xDEMO>, name:Apple Watch, model:Watch, hardware:Watch7,4, software:10.0>"/>
  <Record type="HKQuantityTypeIdentifierAppleExerciseTime" sourceName="Apple Watch" sourceVersion="10.0" unit="min" creationDate="2026-01-21 21:06:00 +0000" startDate="2026-01-21 21:05:00 +0000" endDate="2026-01-21 21:06:00 +0000" value="35.1" device="<<HKDevice: 0xDEMO>, name:Apple Watch, model:Watch, hardware:Watch7,4, software:10.0>"/>
  <Record type="HKQuantityTypeIdentifierRestingHeartRate" sourceName="Apple Watch" sourceVersion="10.0" unit="count/min" creationDate="2026-01-22 07:12:00 +0000" startDate="2026-01-22 07:10:00 +0000" endDate="2026-01-22 07:12:00 +0000" value="59.6" device="<<HKDevice: 0xDEMO>, name:Apple Watch, model:Watch, hardware:Watch7,4, software:10.0>"/>
  <Record type="HKQuantityTypeIdentifierRestingHeartRate" sourceName="Apple Watch" sourceVersion="10.0" unit="count/min" creationDate="2026-01-22 07:20:00 +0000" startDate="2026-01-22 07:18:00 +0000" endDate="2026-01-22 07:20:00 +0000" value="63.3" device="<<HKDevice: 0xDEMO>, name:Apple Watch, model:Watch, hardware:Watch7,4, software:10.0>"/>
  <Record type="HKQuantityTypeIdentifierRestingHeartRate" sourceName="Apple Watch" sourceVersion="10.0" unit="count/min" creationDate="2026-01-22 07:28:00 +0000" startDate="2026-01-22 07:26:00 +0000" endDate="2026-01-22 07:28:00 +0000" value="63.0" device="<<HKDevice: 0xDEMO>, name:Apple Watch, model:Watch, hardware:Watch7,4, software:10.0>"/>
  <Record type="HKQuantityTypeIdentifierHeartRateVariabilitySDNN" sourceName="Apple Watch" sourceVersion="10.0" unit="ms" creationDate="2026-01-22 06:43:00 +0000" startDate="2026-01-22 06:40:00 +0000" endDate="2026-01-22 06:43:00 +0000" value="50.8" device="<<HKDevice: 0xDEMO>, name:Apple Watch, model:Watch, hardware:Watch7,4, software:10.0>"/>
  <Record type="HKQuantityTypeIdentifierHeartRateVariabilitySDNN" sourceName="Apple Watch" sourceVersion="10.0" unit="ms" creationDate="2026-01-22 06:53:00 +0000" startDate="2026-01-22 06:50:00 +0000" endDate="2026-01-22 06:53:00 +0000" value="52.9" device="<<HKDevice: 0xDEMO>, name:Apple Watch, model:Watch, hardware:Watch7,4, software:10.0>"/>
  <Record type="HKQuantityTypeIdentifierAppleStandTime" sourceName="Apple Watch" sourceVersion="10.0" unit="min" creationDate="2026-01-22 21:01:00 +0000" startDate="2026-01-22 21:00:00 +0000" endDate="2026-01-22 21:01:00 +0000" value="81.9" device="<<HKDevice: 0xDEMO>, name:Apple Watch, model:Watch, hardware:Watch7,4, software:10.0>"/>
  <Record type="HKQuantityTypeIdentifierAppleExerciseTime" sourceName="Apple Watch" sourceVersion="10.0" unit="min" creationDate="2026-01-22 21:06:00 +0000" startDate="2026-01-22 21:05:00 +0000" endDate="2026-01-22 21:06:00 +0000" value="36.7" device="<<HKDevice: 0xDEMO>, name:Apple Watch, model:Watch, hardware:Watch7,4, software:10.0>"/>
  <Record type="HKQuantityTypeIdentifierRestingHeartRate" sourceName="Apple Watch" sourceVersion="10.0" unit="count/min" creationDate="2026-01-23 07:12:00 +0000" startDate="2026-01-23 07:10:00 +0000" endDate="2026-01-23 07:12:00 +0000" value="61.1" device="<<HKDevice: 0xDEMO>, name:Apple Watch, model:Watch, hardware:Watch7,4, software:10.0>"/>
  <Record type="HKQuantityTypeIdentifierRestingHeartRate" sourceName="Apple Watch" sourceVersion="10.0" unit="count/min" creationDate="2026-01-23 07:20:00 +0000" startDate="2026-01-23 07:18:00 +0000" endDate="2026-01-23 07:20:00 +0000" value="63.8" device="<<HKDevice: 0xDEMO>, name:Apple Watch, model:Watch, hardware:Watch7,4, software:10.0>"/>
  <Record type="HKQuantityTypeIdentifierRestingHeartRate" sourceName="Apple Watch" sourceVersion="10.0" unit="count/min" creationDate="2026-01-23 07:28:00 +0000" startDate="2026-01-23 07:26:00 +0000" endDate="2026-01-23 07:28:00 +0000" value="64.0" device="<<HKDevice: 0xDEMO>, name:Apple Watch, model:Watch, hardware:Watch7,4, software:10.0>"/>
  <Record type="HKQuantityTypeIdentifierHeartRateVariabilitySDNN" sourceName="Apple Watch" sourceVersion="10.0" unit="ms" creationDate="2026-01-23 06:43:00 +0000" startDate="2026-01-23 06:40:00 +0000" endDate="2026-01-23 06:43:00 +0000" value="51.8" device="<<HKDevice: 0xDEMO>, name:Apple Watch, model:Watch, hardware:Watch7,4, software:10.0>"/>
  <Record type="HKQuantityTypeIdentifierHeartRateVariabilitySDNN" sourceName="Apple Watch" sourceVersion="10.0" unit="ms" creationDate="2026-01-23 06:53:00 +0000" startDate="2026-01-23 06:50:00 +0000" endDate="2026-01-23 06:53:00 +0000" value="55.1" device="<<HKDevice: 0xDEMO>, name:Apple Watch, model:Watch, hardware:Watch7,4, software:10.0>"/>
  <Record type="HKQuantityTypeIdentifierAppleStandTime" sourceName="Apple Watch" sourceVersion="10.0" unit="min" creationDate="2026-01-23 21:01:00 +0000" startDate="2026-01-23 21:00:00 +0000" endDate="2026-01-23 21:01:00 +0000" value="84.3" device="<<HKDevice: 0xDEMO>, name:Apple Watch, model:Watch, hardware:Watch7,4, software:10.0>"/>
  <Record type="HKQuantityTypeIdentifierAppleExerciseTime" sourceName="Apple Watch" sourceVersion="10.0" unit="min" creationDate="2026-01-23 21:06:00 +0000" startDate="2026-01-23 21:05:00 +0000" endDate="2026-01-23 21:06:00 +0000" value="42.2" device="<<HKDevice: 0xDEMO>, name:Apple Watch, model:Watch, hardware:Watch7,4, software:10.0>"/>
  <Record type="HKQuantityTypeIdentifierRestingHeartRate" sourceName="Apple Watch" sourceVersion="10.0" unit="count/min" creationDate="2026-01-24 07:12:00 +0000" startDate="2026-01-24 07:10:00 +0000" endDate="2026-01-24 07:12:00 +0000" value="62.4" device="<<HKDevice: 0xDEMO>, name:Apple Watch, model:Watch, hardware:Watch7,4, software:10.0>"/>
  <Record type="HKQuantityTypeIdentifierRestingHeartRate" sourceName="Apple Watch" sourceVersion="10.0" unit="count/min" creationDate="2026-01-24 07:20:00 +0000" startDate="2026-01-24 07:18:00 +0000" endDate="2026-01-24 07:20:00 +0000" value="64.1" device="<<HKDevice: 0xDEMO>, name:Apple Watch, model:Watch, hardware:Watch7,4, software:10.0>"/>
  <Record type="HKQuantityTypeIdentifierRestingHeartRate" sourceName="Apple Watch" sourceVersion="10.0" unit="count/min" creationDate="2026-01-24 07:28:00 +0000" startDate="2026-01-24 07:26:00 +0000" endDate="2026-01-24 07:28:00 +0000" value="65.0" device="<<HKDevice: 0xDEMO>, name:Apple Watch, model:Watch, hardware:Watch7,4, software:10.0>"/>
  <Record type="HKQuantityTypeIdentifierHeartRateVariabilitySDNN" sourceName="Apple Watch" sourceVersion="10.0" unit="ms" creationDate="2026-01-24 06:43:00 +0000" startDate="2026-01-24 06:40:00 +0000" endDate="2026-01-24 06:43:00 +0000" value="52.7" device="<<HKDevice: 0xDEMO>, name:Apple Watch, model:Watch, hardware:Watch7,4, software:10.0>"/>
  <Record type="HKQuantityTypeIdentifierHeartRateVariabilitySDNN" sourceName="Apple Watch" sourceVersion="10.0" unit="ms" creationDate="2026-01-24 06:53:00 +0000" startDate="2026-01-24 06:50:00 +0000" endDate="2026-01-24 06:53:00 +0000" value="57.3" device="<<HKDevice: 0xDEMO>, name:Apple Watch, model:Watch, hardware:Watch7,4, software:10.0>"/>
  <Record type="HKQuantityTypeIdentifierAppleStandTime" sourceName="Apple Watch" sourceVersion="10.0" unit="min" creationDate="2026-01-24 21:01:00 +0000" startDate="2026-01-24 21:00:00 +0000" endDate="2026-01-24 21:01:00 +0000" value="86.3" device="<<HKDevice: 0xDEMO>, name:Apple Watch, model:Watch, hardware:Watch7,4, software:10.0>"/>
  <Record type="HKQuantityTypeIdentifierAppleExerciseTime" sourceName="Apple Watch" sourceVersion="10.0" unit="min" creationDate="2026-01-24 21:06:00 +0000" startDate="2026-01-24 21:05:00 +0000" endDate="2026-01-24 21:06:00 +0000" value="47.6" device="<<HKDevice: 0xDEMO>, name:Apple Watch, model:Watch, hardware:Watch7,4, software:10.0>"/>
  <Record type="HKQuantityTypeIdentifierRestingHeartRate" sourceName="Apple Watch" sourceVersion="10.0" unit="count/min" creationDate="2026-01-25 07:12:00 +0000" startDate="2026-01-25 07:10:00 +0000" endDate="2026-01-25 07:12:00 +0000" value="62.7" device="<<HKDevice: 0xDEMO>, name:Apple Watch, model:Watch, hardware:Watch7,4, software:10.0>"/>
  <Record type="HKQuantityTypeIdentifierRestingHeartRate" sourceName="Apple Watch" sourceVersion="10.0" unit="count/min" creationDate="2026-01-25 07:20:00 +0000" startDate="2026-01-25 07:18:00 +0000" endDate="2026-01-25 07:20:00 +0000" value="64.3" device="<<HKDevice: 0xDEMO>, name:Apple Watch, model:Watch, hardware:Watch7,4, software:10.0>"/>
  <Record type="HKQuantityTypeIdentifierRestingHeartRate" sourceName="Apple Watch" sourceVersion="10.0" unit="count/min" creationDate="2026-01-25 07:28:00 +0000" startDate="2026-01-25 07:26:00 +0000" endDate="2026-01-25 07:28:00 +0000" value="65.3" device="<<HKDevice: 0xDEMO>, name:Apple Watch, model:Watch, hardware:Watch7,4, software:10.0>"/>
  <Record type="HKQuantityTypeIdentifierHeartRateVariabilitySDNN" sourceName="Apple Watch" sourceVersion="10.0" unit="ms" creationDate="2026-01-25 06:43:00 +0000" startDate="2026-01-25 06:40:00 +0000" endDate="2026-01-25 06:43:00 +0000" value="53.2" device="<<HKDevice: 0xDEMO>, name:Apple Watch, model:Watch, hardware:Watch7,4, software:10.0>"/>
  <Record type="HKQuantityTypeIdentifierHeartRateVariabilitySDNN" sourceName="Apple Watch" sourceVersion="10.0" unit="ms" creationDate="2026-01-25 06:53:00 +0000" startDate="2026-01-25 06:50:00 +0000" endDate="2026-01-25 06:53:00 +0000" value="57.7" device="<<HKDevice: 0xDEMO>, name:Apple Watch, model:Watch, hardware:Watch7,4, software:10.0>"/>
  <Record type="HKQuantityTypeIdentifierAppleStandTime" sourceName="Apple Watch" sourceVersion="10.0" unit="min" creationDate="2026-01-25 21:01:00 +0000" startDate="2026-01-25 21:00:00 +0000" endDate="2026-01-25 21:01:00 +0000" value="87.5" device="<<HKDevice: 0xDEMO>, name:Apple Watch, model:Watch, hardware:Watch7,4, software:10.0>"/>
  <Record type="HKQuantityTypeIdentifierAppleExerciseTime" sourceName="Apple Watch" sourceVersion="10.0" unit="min" creationDate="2026-01-25 21:06:00 +0000" startDate="2026-01-25 21:05:00 +0000" endDate="2026-01-25 21:06:00 +0000" value="48.8" device="<<HKDevice: 0xDEMO>, name:Apple Watch, model:Watch, hardware:Watch7,4, software:10.0>"/>
  <Record type="HKQuantityTypeIdentifierRestingHeartRate" sourceName="Apple Watch" sourceVersion="10.0" unit="count/min" creationDate="2026-01-26 07:12:00 +0000" startDate="2026-01-26 07:10:00 +0000" endDate="2026-01-26 07:12:00 +0000" value="61.7" device="<<HKDevice: 0xDEMO>, name:Apple Watch, model:Watch, hardware:Watch7,4, software:10.0>"/>
  <Record type="HKQuantityTypeIdentifierRestingHeartRate" sourceName="Apple Watch" sourceVersion="10.0" unit="count/min" creationDate="2026-01-26 07:20:00 +0000" startDate="2026-01-26 07:18:00 +0000" endDate="2026-01-26 07:20:00 +0000" value="64.4" device="<<HKDevice: 0xDEMO>, name:Apple Watch, model:Watch, hardware:Watch7,4, software:10.0>"/>
  <Record type="HKQuantityTypeIdentifierRestingHeartRate" sourceName="Apple Watch" sourceVersion="10.0" unit="count/min" creationDate="2026-01-26 07:28:00 +0000" startDate="2026-01-26 07:26:00 +0000" endDate="2026-01-26 07:28:00 +0000" value="64.5" device="<<HKDevice: 0xDEMO>, name:Apple Watch, model:Watch, hardware:Watch7,4, software:10.0>"/>
  <Record type="HKQuantityTypeIdentifierHeartRateVariabilitySDNN" sourceName="Apple Watch" sourceVersion="10.0" unit="ms" creationDate="2026-01-26 06:43:00 +0000" startDate="2026-01-26 06:40:00 +0000" endDate="2026-01-26 06:43:00 +0000" value="53.4" device="<<HKDevice: 0xDEMO>, name:Apple Watch, model:Watch, hardware:Watch7,4, software:10.0>"/>
  <Record type="HKQuantityTypeIdentifierHeartRateVariabilitySDNN" sourceName="Apple Watch" sourceVersion="10.0" unit="ms" creationDate="2026-01-26 06:53:00 +0000" startDate="2026-01-26 06:50:00 +0000" endDate="2026-01-26 06:53:00 +0000" value="56.1" device="<<HKDevice: 0xDEMO>, name:Apple Watch, model:Watch, hardware:Watch7,4, software:10.0>"/>
  <Record type="HKQuantityTypeIdentifierAppleStandTime" sourceName="Apple Watch" sourceVersion="10.0" unit="min" creationDate="2026-01-26 21:01:00 +0000" startDate="2026-01-26 21:00:00 +0000" endDate="2026-01-26 21:01:00 +0000" value="88.0" device="<<HKDevice: 0xDEMO>, name:Apple Watch, model:Watch, hardware:Watch7,4, software:10.0>"/>
  <Record type="HKQuantityTypeIdentifierAppleExerciseTime" sourceName="Apple Watch" sourceVersion="10.0" unit="min" creationDate="2026-01-26 21:06:00 +0000" startDate="2026-01-26 21:05:00 +0000" endDate="2026-01-26 21:06:00 +0000" value="44.8" device="<<HKDevice: 0xDEMO>, name:Apple Watch, model:Watch, hardware:Watch7,4, software:10.0>"/>
  <Record type="HKQuantityTypeIdentifierRestingHeartRate" sourceName="Apple Watch" sourceVersion="10.0" unit="count/min" creationDate="2026-01-27 07:12:00 +0000" startDate="2026-01-27 07:10:00 +0000" endDate="2026-01-27 07:12:00 +0000" value="60.1" device="<<HKDevice: 0xDEMO>, name:Apple Watch, model:Watch, hardware:Watch7,4, software:10.0>"/>
  <Record type="HKQuantityTypeIdentifierRestingHeartRate" sourceName="Apple Watch" sourceVersion="10.0" unit="count/min" creationDate="2026-01-27 07:20:00 +0000" startDate="2026-01-27 07:18:00 +0000" endDate="2026-01-27 07:20:00 +0000" value="64.3" device="<<HKDevice: 0xDEMO>, name:Apple Watch, model:Watch, hardware:Watch7,4, software:10.0>"/>
  <Record type="HKQuantityTypeIdentifierRestingHeartRate" sourceName="Apple Watch" sourceVersion="10.0" unit="count/min" creationDate="2026-01-27 07:28:00 +0000" startDate="2026-01-27 07:26:00 +0000" endDate="2026-01-27 07:28:00 +0000" value="63.4" device="<<HKDevice: 0xDEMO>, name:Apple Watch, model:Watch, hardware:Watch7,4, software:10.0>"/>
  <Record type="HKQuantityTypeIdentifierHeartRateVariabilitySDNN" sourceName="Apple Watch" sourceVersion="10.0" unit="ms" creationDate="2026-01-27 06:43:00 +0000" startDate="2026-01-27 06:40:00 +0000" endDate="2026-01-27 06:43:00 +0000" value="53.2" device="<<HKDevice: 0xDEMO>, name:Apple Watch, model:Watch, hardware:Watch7,4, software:10.0>"/>
  <Record type="HKQuantityTypeIdentifierHeartRateVariabilitySDNN" sourceName="Apple Watch" sourceVersion="10.0" unit="ms" creationDate="2026-01-27 06:53:00 +0000" startDate="2026-01-27 06:50:00 +0000" endDate="2026-01-27 06:53:00 +0000" value="53.7" device="<<HKDevice: 0xDEMO>, name:Apple Watch, model:Watch, hardware:Watch7,4, software:10.0>"/>
  <Record type="HKQuantityTypeIdentifierAppleStandTime" sourceName="Apple Watch" sourceVersion="10.0" unit="min" creationDate="2026-01-27 21:01:00 +0000" startDate="2026-01-27 21:00:00 +0000" endDate="2026-01-27 21:01:00 +0000" value="87.6" device="<<HKDevice: 0xDEMO>, name:Apple Watch, model:Watch, hardware:Watch7,4, software:10.0>"/>
  <Record type="HKQuantityTypeIdentifierAppleExerciseTime" sourceName="Apple Watch" sourceVersion="10.0" unit="min" creationDate="2026-01-27 21:06:00 +0000" startDate="2026-01-27 21:05:00 +0000" endDate="2026-01-27 21:06:00 +0000" value="38.7" device="<<HKDevice: 0xDEMO>, name:Apple Watch, model:Watch, hardware:Watch7,4, software:10.0>"/>
  <Record type="HKQuantityTypeIdentifierRestingHeartRate" sourceName="Apple Watch" sourceVersion="10.0" unit="count/min" creationDate="2026-01-28 07:12:00 +0000" startDate="2026-01-28 07:10:00 +0000" endDate="2026-01-28 07:12:00 +0000" value="59.2" device="<<HKDevice: 0xDEMO>, name:Apple Watch, model:Watch, hardware:Watch7,4, software:10.0>"/>
  <Record type="HKQuantityTypeIdentifierRestingHeartRate" sourceName="Apple Watch" sourceVersion="10.0" unit="count/min" creationDate="2026-01-28 07:20:00 +0000" startDate="2026-01-28 07:18:00 +0000" endDate="2026-01-28 07:20:00 +0000" value="64.1" device="<<HKDevice: 0xDEMO>, name:Apple Watch, model:Watch, hardware:Watch7,4, software:10.0>"/>
  <Record type="HKQuantityTypeIdentifierRestingHeartRate" sourceName="Apple Watch" sourceVersion="10.0" unit="count/min" creationDate="2026-01-28 07:28:00 +0000" startDate="2026-01-28 07:26:00 +0000" endDate="2026-01-28 07:28:00 +0000" value="62.7" device="<<HKDevice: 0xDEMO>, name:Apple Watch, model:Watch, hardware:Watch7,4, software:10.0>"/>
  <Record type="HKQuantityTypeIdentifierHeartRateVariabilitySDNN" sourceName="Apple Watch" sourceVersion="10.0" unit="ms" creationDate="2026-01-28 06:43:00 +0000" startDate="2026-01-28 06:40:00 +0000" endDate="2026-01-28 06:43:00 +0000" value="52.7" device="<<HKDevice: 0xDEMO>, name:Apple Watch, model:Watch, hardware:Watch7,4, software:10.0>"/>
  <Record type="HKQuantityTypeIdentifierHeartRateVariabilitySDNN" sourceName="Apple Watch" sourceVersion="10.0" unit="ms" creationDate="2026-01-28 06:53:00 +0000" startDate="2026-01-28 06:50:00 +0000" endDate="2026-01-28 06:53:00 +0000" value="52.2" device="<<HKDevice: 0xDEMO>, name:Apple Watch, model:Watch, hardware:Watch7,4, software:10.0>"/>
  <Record type="HKQuantityTypeIdentifierAppleStandTime" sourceName="Apple Watch" sourceVersion="10.0" unit="min" creationDate="2026-01-28 21:01:00 +0000" startDate="2026-01-28 21:00:00 +0000" endDate="2026-01-28 21:01:00 +0000" value="86.4" device="<<HKDevice: 0xDEMO>, name:Apple Watch, model:Watch, hardware:Watch7,4, software:10.0>"/>
  <Record type="HKQuantityTypeIdentifierAppleExerciseTime" sourceName="Apple Watch" sourceVersion="10.0" unit="min" creationDate="2026-01-28 21:06:00 +0000" startDate="2026-01-28 21:05:00 +0000" endDate="2026-01-28 21:06:00 +0000" value="35.1" device="<<HKDevice: 0xDEMO>, name:Apple Watch, model:Watch, hardware:Watch7,4, software:10.0>"/>
  <Record type="HKQuantityTypeIdentifierRestingHeartRate" sourceName="Apple Watch" sourceVersion="10.0" unit="count/min" creationDate="2026-01-29 07:12:00 +0000" startDate="2026-01-29 07:10:00 +0000" endDate="2026-01-29 07:12:00 +0000" value="59.6" device="<<HKDevice: 0xDEMO>, name:Apple Watch, model:Watch, hardware:Watch7,4, software:10.0>"/>
  <Record type="HKQuantityTypeIdentifierRestingHeartRate" sourceName="Apple Watch" sourceVersion="10.0" unit="count/min" creationDate="2026-01-29 07:20:00 +0000" startDate="2026-01-29 07:18:00 +0000" endDate="2026-01-29 07:20:00 +0000" value="63.8" device="<<HKDevice: 0xDEMO>, name:Apple Watch, model:Watch, hardware:Watch7,4, software:10.0>"/>
  <Record type="HKQuantityTypeIdentifierRestingHeartRate" sourceName="Apple Watch" sourceVersion="10.0" unit="count/min" creationDate="2026-01-29 07:28:00 +0000" startDate="2026-01-29 07:26:00 +0000" endDate="2026-01-29 07:28:00 +0000" value="63.0" device="<<HKDevice: 0xDEMO>, name:Apple Watch, model:Watch, hardware:Watch7,4, software:10.0>"/>
  <Record type="HKQuantityTypeIdentifierHeartRateVariabilitySDNN" sourceName="Apple Watch" sourceVersion="10.0" unit="ms" creationDate="2026-01-29 06:43:00 +0000" startDate="2026-01-29 06:40:00 +0000" endDate="2026-01-29 06:43:00 +0000" value="51.9" device="<<HKDevice: 0xDEMO>, name:Apple Watch, model:Watch, hardware:Watch7,4, software:10.0>"/>
  <Record type="HKQuantityTypeIdentifierHeartRateVariabilitySDNN" sourceName="Apple Watch" sourceVersion="10.0" unit="ms" creationDate="2026-01-29 06:53:00 +0000" startDate="2026-01-29 06:50:00 +0000" endDate="2026-01-29 06:53:00 +0000" value="52.9" device="<<HKDevice: 0xDEMO>, name:Apple Watch, model:Watch, hardware:Watch7,4, software:10.0>"/>
  <Record type="HKQuantityTypeIdentifierAppleStandTime" sourceName="Apple Watch" sourceVersion="10.0" unit="min" creationDate="2026-01-29 21:01:00 +0000" startDate="2026-01-29 21:00:00 +0000" endDate="2026-01-29 21:01:00 +0000" value="84.5" device="<<HKDevice: 0xDEMO>, name:Apple Watch, model:Watch, hardware:Watch7,4, software:10.0>"/>
  <Record type="HKQuantityTypeIdentifierAppleExerciseTime" sourceName="Apple Watch" sourceVersion="10.0" unit="min" creationDate="2026-01-29 21:06:00 +0000" startDate="2026-01-29 21:05:00 +0000" endDate="2026-01-29 21:06:00 +0000" value="36.7" device="<<HKDevice: 0xDEMO>, name:Apple Watch, model:Watch, hardware:Watch7,4, software:10.0>"/>
  <Record type="HKQuantityTypeIdentifierRestingHeartRate" sourceName="Apple Watch" sourceVersion="10.0" unit="count/min" creationDate="2026-01-30 07:12:00 +0000" startDate="2026-01-30 07:10:00 +0000" endDate="2026-01-30 07:12:00 +0000" value="61.1" device="<<HKDevice: 0xDEMO>, name:Apple Watch, model:Watch, hardware:Watch7,4, software:10.0>"/>
  <Record type="HKQuantityTypeIdentifierRestingHeartRate" sourceName="Apple Watch" sourceVersion="10.0" unit="count/min" creationDate="2026-01-30 07:20:00 +0000" startDate="2026-01-30 07:18:00 +0000" endDate="2026-01-30 07:20:00 +0000" value="63.4" device="<<HKDevice: 0xDEMO>, name:Apple Watch, model:Watch, hardware:Watch7,4, software:10.0>"/>
  <Record type="HKQuantityTypeIdentifierRestingHeartRate" sourceName="Apple Watch" sourceVersion="10.0" unit="count/min" creationDate="2026-01-30 07:28:00 +0000" startDate="2026-01-30 07:26:00 +0000" endDate="2026-01-30 07:28:00 +0000" value="64.1" device="<<HKDevice: 0xDEMO>, name:Apple Watch, model:Watch, hardware:Watch7,4, software:10.0>"/>
  <Record type="HKQuantityTypeIdentifierHeartRateVariabilitySDNN" sourceName="Apple Watch" sourceVersion="10.0" unit="ms" creationDate="2026-01-30 06:43:00 +0000" startDate="2026-01-30 06:40:00 +0000" endDate="2026-01-30 06:43:00 +0000" value="50.9" device="<<HKDevice: 0xDEMO>, name:Apple Watch, model:Watch, hardware:Watch7,4, software:10.0>"/>
  <Record type="HKQuantityTypeIdentifierHeartRateVariabilitySDNN" sourceName="Apple Watch" sourceVersion="10.0" unit="ms" creationDate="2026-01-30 06:53:00 +0000" startDate="2026-01-30 06:50:00 +0000" endDate="2026-01-30 06:53:00 +0000" value="55.1" device="<<HKDevice: 0xDEMO>, name:Apple Watch, model:Watch, hardware:Watch7,4, software:10.0>"/>
  <Record type="HKQuantityTypeIdentifierAppleStandTime" sourceName="Apple Watch" sourceVersion="10.0" unit="min" creationDate="2026-01-30 21:01:00 +0000" startDate="2026-01-30 21:00:00 +0000" endDate="2026-01-30 21:01:00 +0000" value="82.1" device="<<HKDevice: 0xDEMO>, name:Apple Watch, model:Watch, hardware:Watch7,4, software:10.0>"/>
  <Record type="HKQuantityTypeIdentifierAppleExerciseTime" sourceName="Apple Watch" sourceVersion="10.0" unit="min" creationDate="2026-01-30 21:06:00 +0000" startDate="2026-01-30 21:05:00 +0000" endDate="2026-01-30 21:06:00 +0000" value="42.4" device="<<HKDevice: 0xDEMO>, name:Apple Watch, model:Watch, hardware:Watch7,4, software:10.0>"/>
  <Record type="HKQuantityTypeIdentifierRestingHeartRate" sourceName="Apple Watch" sourceVersion="10.0" unit="count/min" creationDate="2026-01-31 07:12:00 +0000" startDate="2026-01-31 07:10:00 +0000" endDate="2026-01-31 07:12:00 +0000" value="62.5" device="<<HKDevice: 0xDEMO>, name:Apple Watch, model:Watch, hardware:Watch7,4, software:10.0>"/>
  <Record type="HKQuantityTypeIdentifierRestingHeartRate" sourceName="Apple Watch" sourceVersion="10.0" unit="count/min" creationDate="2026-01-31 07:20:00 +0000" startDate="2026-01-31 07:18:00 +0000" endDate="2026-01-31 07:20:00 +0000" value="62.9" device="<<HKDevice: 0xDEMO>, name:Apple Watch, model:Watch, hardware:Watch7,4, software:10.0>"/>
  <Record type="HKQuantityTypeIdentifierRestingHeartRate" sourceName="Apple Watch" sourceVersion="10.0" unit="count/min" creationDate="2026-01-31 07:28:00 +0000" startDate="2026-01-31 07:26:00 +0000" endDate="2026-01-31 07:28:00 +0000" value="65.1" device="<<HKDevice: 0xDEMO>, name:Apple Watch, model:Watch, hardware:Watch7,4, software:10.0>"/>
  <Record type="HKQuantityTypeIdentifierHeartRateVariabilitySDNN" sourceName="Apple Watch" sourceVersion="10.0" unit="ms" creationDate="2026-01-31 06:43:00 +0000" startDate="2026-01-31 06:40:00 +0000" endDate="2026-01-31 06:43:00 +0000" value="49.8" device="<<HKDevice: 0xDEMO>, name:Apple Watch, model:Watch, hardware:Watch7,4, software:10.0>"/>
  <Record type="HKQuantityTypeIdentifierHeartRateVariabilitySDNN" sourceName="Apple Watch" sourceVersion="10.0" unit="ms" creationDate="2026-01-31 06:53:00 +0000" startDate="2026-01-31 06:50:00 +0000" endDate="2026-01-31 06:53:00 +0000" value="57.3" device="<<HKDevice: 0xDEMO>, name:Apple Watch, model:Watch, hardware:Watch7,4, software:10.0>"/>
  <Record type="HKQuantityTypeIdentifierAppleStandTime" sourceName="Apple Watch" sourceVersion="10.0" unit="min" creationDate="2026-01-31 21:01:00 +0000" startDate="2026-01-31 21:00:00 +0000" endDate="2026-01-31 21:01:00 +0000" value="79.5" device="<<HKDevice: 0xDEMO>, name:Apple Watch, model:Watch, hardware:Watch7,4, software:10.0>"/>
  <Record type="HKQuantityTypeIdentifierAppleExerciseTime" sourceName="Apple Watch" sourceVersion="10.0" unit="min" creationDate="2026-01-31 21:06:00 +0000" startDate="2026-01-31 21:05:00 +0000" endDate="2026-01-31 21:06:00 +0000" value="47.7" device="<<HKDevice: 0xDEMO>, name:Apple Watch, model:Watch, hardware:Watch7,4, software:10.0>"/>
  <Record type="HKQuantityTypeIdentifierRestingHeartRate" sourceName="Apple Watch" sourceVersion="10.0" unit="count/min" creationDate="2026-02-01 07:12:00 +0000" startDate="2026-02-01 07:10:00 +0000" endDate="2026-02-01 07:12:00 +0000" value="62.7" device="<<HKDevice: 0xDEMO>, name:Apple Watch, model:Watch, hardware:Watch7,4, software:10.0>"/>
  <Record type="HKQuantityTypeIdentifierRestingHeartRate" sourceName="Apple Watch" sourceVersion="10.0" unit="count/min" creationDate="2026-02-01 07:20:00 +0000" startDate="2026-02-01 07:18:00 +0000" endDate="2026-02-01 07:20:00 +0000" value="62.5" device="<<HKDevice: 0xDEMO>, name:Apple Watch, model:Watch, hardware:Watch7,4, software:10.0>"/>
  <Record type="HKQuantityTypeIdentifierRestingHeartRate" sourceName="Apple Watch" sourceVersion="10.0" unit="count/min" creationDate="2026-02-01 07:28:00 +0000" startDate="2026-02-01 07:26:00 +0000" endDate="2026-02-01 07:28:00 +0000" value="65.2" device="<<HKDevice: 0xDEMO>, name:Apple Watch, model:Watch, hardware:Watch7,4, software:10.0>"/>
  <Record type="HKQuantityTypeIdentifierHeartRateVariabilitySDNN" sourceName="Apple Watch" sourceVersion="10.0" unit="ms" creationDate="2026-02-01 06:43:00 +0000" startDate="2026-02-01 06:40:00 +0000" endDate="2026-02-01 06:43:00 +0000" value="48.7" device="<<HKDevice: 0xDEMO>, name:Apple Watch, model:Watch, hardware:Watch7,4, software:10.0>"/>
  <Record type="HKQuantityTypeIdentifierHeartRateVariabilitySDNN" sourceName="Apple Watch" sourceVersion="10.0" unit="ms" creationDate="2026-02-01 06:53:00 +0000" startDate="2026-02-01 06:50:00 +0000" endDate="2026-02-01 06:53:00 +0000" value="57.7" device="<<HKDevice: 0xDEMO>, name:Apple Watch, model:Watch, hardware:Watch7,4, software:10.0>"/>
  <Record type="HKQuantityTypeIdentifierAppleStandTime" sourceName="Apple Watch" sourceVersion="10.0" unit="min" creationDate="2026-02-01 21:01:00 +0000" startDate="2026-02-01 21:00:00 +0000" endDate="2026-02-01 21:01:00 +0000" value="76.9" device="<<HKDevice: 0xDEMO>, name:Apple Watch, model:Watch, hardware:Watch7,4, software:10.0>"/>
  <Record type="HKQuantityTypeIdentifierAppleExerciseTime" sourceName="Apple Watch" sourceVersion="10.0" unit="min" creationDate="2026-02-01 21:06:00 +0000" startDate="2026-02-01 21:05:00 +0000" endDate="2026-02-01 21:06:00 +0000" value="48.7" device="<<HKDevice: 0xDEMO>, name:Apple Watch, model:Watch, hardware:Watch7,4, software:10.0>"/>
  <Record type="HKQuantityTypeIdentifierRestingHeartRate" sourceName="Apple Watch" sourceVersion="10.0" unit="count/min" creationDate="2026-02-02 07:12:00 +0000" startDate="2026-02-02 07:10:00 +0000" endDate="2026-02-02 07:12:00 +0000" value="84.2" device="<<HKDevice: 0xDEMO>, name:Apple Watch, model:Watch, hardware:Watch7,4, software:10.0>"/>
  <Record type="HKQuantityTypeIdentifierRestingHeartRate" sourceName="Apple Watch" sourceVersion="10.0" unit="count/min" creationDate="2026-02-02 07:20:00 +0000" startDate="2026-02-02 07:18:00 +0000" endDate="2026-02-02 07:20:00 +0000" value="89.0" device="<<HKDevice: 0xDEMO>, name:Apple Watch, model:Watch, hardware:Watch7,4, software:10.0>"/>
  <Record type="HKQuantityTypeIdentifierRestingHeartRate" sourceName="Apple Watch" sourceVersion="10.0" unit="count/min" creationDate="2026-02-02 07:28:00 +0000" startDate="2026-02-02 07:26:00 +0000" endDate="2026-02-02 07:28:00 +0000" value="89.6" device="<<HKDevice: 0xDEMO>, name:Apple Watch, model:Watch, hardware:Watch7,4, software:10.0>"/>
  <Record type="HKQuantityTypeIdentifierHeartRateVariabilitySDNN" sourceName="Apple Watch" sourceVersion="10.0" unit="ms" creationDate="2026-02-02 06:43:00 +0000" startDate="2026-02-02 06:40:00 +0000" endDate="2026-02-02 06:43:00 +0000" value="22.5" device="<<HKDevice: 0xDEMO>, name:Apple Watch, model:Watch, hardware:Watch7,4, software:10.0>"/>
  <Record type="HKQuantityTypeIdentifierHeartRateVariabilitySDNN" sourceName="Apple Watch" sourceVersion="10.0" unit="ms" creationDate="2026-02-02 06:53:00 +0000" startDate="2026-02-02 06:50:00 +0000" endDate="2026-02-02 06:53:00 +0000" value="28.8" device="<<HKDevice: 0xDEMO>, name:Apple Watch, model:Watch, hardware:Watch7,4, software:10.0>"/>
  <Record type="HKQuantityTypeIdentifierAppleStandTime" sourceName="Apple Watch" sourceVersion="10.0" unit="min" creationDate="2026-02-02 21:01:00 +0000" startDate="2026-02-02 21:00:00 +0000" endDate="2026-02-02 21:01:00 +0000" value="83.4" device="<<HKDevice: 0xDEMO>, name:Apple Watch, model:Watch, hardware:Watch7,4, software:10.0>"/>
  <Record type="HKQuantityTypeIdentifierAppleExerciseTime" sourceName="Apple Watch" sourceVersion="10.0" unit="min" creationDate="2026-02-02 21:06:00 +0000" startDate="2026-02-02 21:05:00 +0000" endDate="2026-02-02 21:06:00 +0000" value="25.9" device="<<HKDevice: 0xDEMO>, name:Apple Watch, model:Watch, hardware:Watch7,4, software:10.0>"/>
  <Record type="HKQuantityTypeIdentifierRestingHeartRate" sourceName="Apple Watch" sourceVersion="10.0" unit="count/min" creationDate="2026-02-03 07:12:00 +0000" startDate="2026-02-03 07:10:00 +0000" endDate="2026-02-03 07:12:00 +0000" value="81.1" device="<<HKDevice: 0xDEMO>, name:Apple Watch, model:Watch, hardware:Watch7,4, software:10.0>"/>
  <Record type="HKQuantityTypeIdentifierRestingHeartRate" sourceName="Apple Watch" sourceVersion="10.0" unit="count/min" creationDate="2026-02-03 07:20:00 +0000" startDate="2026-02-03 07:18:00 +0000" endDate="2026-02-03 07:20:00 +0000" value="86.7" device="<<HKDevice: 0xDEMO>, name:Apple Watch, model:Watch, hardware:Watch7,4, software:10.0>"/>
  <Record type="HKQuantityTypeIdentifierRestingHeartRate" sourceName="Apple Watch" sourceVersion="10.0" unit="count/min" creationDate="2026-02-03 07:28:00 +0000" startDate="2026-02-03 07:26:00 +0000" endDate="2026-02-03 07:28:00 +0000" value="89.2" device="<<HKDevice: 0xDEMO>, name:Apple Watch, model:Watch, hardware:Watch7,4, software:10.0>"/>
  <Record type="HKQuantityTypeIdentifierHeartRateVariabilitySDNN" sourceName="Apple Watch" sourceVersion="10.0" unit="ms" creationDate="2026-02-03 06:43:00 +0000" startDate="2026-02-03 06:40:00 +0000" endDate="2026-02-03 06:43:00 +0000" value="22.1" device="<<HKDevice: 0xDEMO>, name:Apple Watch, model:Watch, hardware:Watch7,4, software:10.0>"/>
  <Record type="HKQuantityTypeIdentifierHeartRateVariabilitySDNN" sourceName="Apple Watch" sourceVersion="10.0" unit="ms" creationDate="2026-02-03 06:53:00 +0000" startDate="2026-02-03 06:50:00 +0000" endDate="2026-02-03 06:53:00 +0000" value="27.0" device="<<HKDevice: 0xDEMO>, name:Apple Watch, model:Watch, hardware:Watch7,4, software:10.0>"/>
  <Record type="HKQuantityTypeIdentifierAppleStandTime" sourceName="Apple Watch" sourceVersion="10.0" unit="min" creationDate="2026-02-03 21:01:00 +0000" startDate="2026-02-03 21:00:00 +0000" endDate="2026-02-03 21:01:00 +0000" value="81.9" device="<<HKDevice: 0xDEMO>, name:Apple Watch, model:Watch, hardware:Watch7,4, software:10.0>"/>
  <Record type="HKQuantityTypeIdentifierAppleExerciseTime" sourceName="Apple Watch" sourceVersion="10.0" unit="min" creationDate="2026-02-03 21:06:00 +0000" startDate="2026-02-03 21:05:00 +0000" endDate="2026-02-03 21:06:00 +0000" value="21.6" device="<<HKDevice: 0xDEMO>, name:Apple Watch, model:Watch, hardware:Watch7,4, software:10.0>"/>
  <Record type="HKQuantityTypeIdentifierRestingHeartRate" sourceName="Apple Watch" sourceVersion="10.0" unit="count/min" creationDate="2026-02-04 07:12:00 +0000" startDate="2026-02-04 07:10:00 +0000" endDate="2026-02-04 07:12:00 +0000" value="79.4" device="<<HKDevice: 0xDEMO>, name:Apple Watch, model:Watch, hardware:Watch7,4, software:10.0>"/>
  <Record type="HKQuantityTypeIdentifierRestingHeartRate" sourceName="Apple Watch" sourceVersion="10.0" unit="count/min" creationDate="2026-02-04 07:20:00 +0000" startDate="2026-02-04 07:18:00 +0000" endDate="2026-02-04 07:20:00 +0000" value="85.3" device="<<HKDevice: 0xDEMO>, name:Apple Watch, model:Watch, hardware:Watch7,4, software:10.0>"/>
  <Record type="HKQuantityTypeIdentifierRestingHeartRate" sourceName="Apple Watch" sourceVersion="10.0" unit="count/min" creationDate="2026-02-04 07:28:00 +0000" startDate="2026-02-04 07:26:00 +0000" endDate="2026-02-04 07:28:00 +0000" value="88.9" device="<<HKDevice: 0xDEMO>, name:Apple Watch, model:Watch, hardware:Watch7,4, software:10.0>"/>
  <Record type="HKQuantityTypeIdentifierHeartRateVariabilitySDNN" sourceName="Apple Watch" sourceVersion="10.0" unit="ms" creationDate="2026-02-04 06:43:00 +0000" startDate="2026-02-04 06:40:00 +0000" endDate="2026-02-04 06:43:00 +0000" value="21.8" device="<<HKDevice: 0xDEMO>, name:Apple Watch, model:Watch, hardware:Watch7,4, software:10.0>"/>
  <Record type="HKQuantityTypeIdentifierHeartRateVariabilitySDNN" sourceName="Apple Watch" sourceVersion="10.0" unit="ms" creationDate="2026-02-04 06:53:00 +0000" startDate="2026-02-04 06:50:00 +0000" endDate="2026-02-04 06:53:00 +0000" value="26.0" device="<<HKDevice: 0xDEMO>, name:Apple Watch, model:Watch, hardware:Watch7,4, software:10.0>"/>
  <Record type="HKQuantityTypeIdentifierAppleStandTime" sourceName="Apple Watch" sourceVersion="10.0" unit="min" creationDate="2026-02-04 21:01:00 +0000" startDate="2026-02-04 21:00:00 +0000" endDate="2026-02-04 21:01:00 +0000" value="81.1" device="<<HKDevice: 0xDEMO>, name:Apple Watch, model:Watch, hardware:Watch7,4, software:10.0>"/>
  <Record type="HKQuantityTypeIdentifierAppleExerciseTime" sourceName="Apple Watch" sourceVersion="10.0" unit="min" creationDate="2026-02-04 21:06:00 +0000" startDate="2026-02-04 21:05:00 +0000" endDate="2026-02-04 21:06:00 +0000" value="19.1" device="<<HKDevice: 0xDEMO>, name:Apple Watch, model:Watch, hardware:Watch7,4, software:10.0>"/>
  <Record type="HKQuantityTypeIdentifierRestingHeartRate" sourceName="Apple Watch" sourceVersion="10.0" unit="count/min" creationDate="2026-02-05 07:12:00 +0000" startDate="2026-02-05 07:10:00 +0000" endDate="2026-02-05 07:12:00 +0000" value="80.1" device="<<HKDevice: 0xDEMO>, name:Apple Watch, model:Watch, hardware:Watch7,4, software:10.0>"/>
  <Record type="HKQuantityTypeIdentifierRestingHeartRate" sourceName="Apple Watch" sourceVersion="10.0" unit="count/min" creationDate="2026-02-05 07:20:00 +0000" startDate="2026-02-05 07:18:00 +0000" endDate="2026-02-05 07:20:00 +0000" value="86.0" device="<<HKDevice: 0xDEMO>, name:Apple Watch, model:Watch, hardware:Watch7,4, software:10.0>"/>
  <Record type="HKQuantityTypeIdentifierRestingHeartRate" sourceName="Apple Watch" sourceVersion="10.0" unit="count/min" creationDate="2026-02-05 07:28:00 +0000" startDate="2026-02-05 07:26:00 +0000" endDate="2026-02-05 07:28:00 +0000" value="88.9" device="<<HKDevice: 0xDEMO>, name:Apple Watch, model:Watch, hardware:Watch7,4, software:10.0>"/>
  <Record type="HKQuantityTypeIdentifierHeartRateVariabilitySDNN" sourceName="Apple Watch" sourceVersion="10.0" unit="ms" creationDate="2026-02-05 06:43:00 +0000" startDate="2026-02-05 06:40:00 +0000" endDate="2026-02-05 06:43:00 +0000" value="21.8" device="<<HKDevice: 0xDEMO>, name:Apple Watch, model:Watch, hardware:Watch7,4, software:10.0>"/>
  <Record type="HKQuantityTypeIdentifierHeartRateVariabilitySDNN" sourceName="Apple Watch" sourceVersion="10.0" unit="ms" creationDate="2026-02-05 06:53:00 +0000" startDate="2026-02-05 06:50:00 +0000" endDate="2026-02-05 06:53:00 +0000" value="26.5" device="<<HKDevice: 0xDEMO>, name:Apple Watch, model:Watch, hardware:Watch7,4, software:10.0>"/>
  <Record type="HKQuantityTypeIdentifierAppleStandTime" sourceName="Apple Watch" sourceVersion="10.0" unit="min" creationDate="2026-02-05 21:01:00 +0000" startDate="2026-02-05 21:00:00 +0000" endDate="2026-02-05 21:01:00 +0000" value="81.1" device="<<HKDevice: 0xDEMO>, name:Apple Watch, model:Watch, hardware:Watch7,4, software:10.0>"/>
  <Record type="HKQuantityTypeIdentifierAppleExerciseTime" sourceName="Apple Watch" sourceVersion="10.0" unit="min" creationDate="2026-02-05 21:06:00 +0000" startDate="2026-02-05 21:05:00 +0000" endDate="2026-02-05 21:06:00 +0000" value="20.3" device="<<HKDevice: 0xDEMO>, name:Apple Watch, model:Watch, hardware:Watch7,4, software:10.0>"/>
  <Record type="HKQuantityTypeIdentifierRestingHeartRate" sourceName="Apple Watch" sourceVersion="10.0" unit="count/min" creationDate="2026-02-06 07:12:00 +0000" startDate="2026-02-06 07:10:00 +0000" endDate="2026-02-06 07:12:00 +0000" value="82.9" device="<<HKDevice: 0xDEMO>, name:Apple Watch, model:Watch, hardware:Watch7,4, software:10.0>"/>
  <Record type="HKQuantityTypeIdentifierRestingHeartRate" sourceName="Apple Watch" sourceVersion="10.0" unit="count/min" creationDate="2026-02-06 07:20:00 +0000" startDate="2026-02-06 07:18:00 +0000" endDate="2026-02-06 07:20:00 +0000" value="88.2" device="<<HKDevice: 0xDEMO>, name:Apple Watch, model:Watch, hardware:Watch7,4, software:10.0>"/>
  <Record type="HKQuantityTypeIdentifierRestingHeartRate" sourceName="Apple Watch" sourceVersion="10.0" unit="count/min" creationDate="2026-02-06 07:28:00 +0000" startDate="2026-02-06 07:26:00 +0000" endDate="2026-02-06 07:28:00 +0000" value="89.1" device="<<HKDevice: 0xDEMO>, name:Apple Watch, model:Watch, hardware:Watch7,4, software:10.0>"/>
  <Record type="HKQuantityTypeIdentifierHeartRateVariabilitySDNN" sourceName="Apple Watch" sourceVersion="10.0" unit="ms" creationDate="2026-02-06 06:43:00 +0000" startDate="2026-02-06 06:40:00 +0000" endDate="2026-02-06 06:43:00 +0000" value="22.0" device="<<HKDevice: 0xDEMO>, name:Apple Watch, model:Watch, hardware:Watch7,4, software:10.0>"/>
  <Record type="HKQuantityTypeIdentifierHeartRateVariabilitySDNN" sourceName="Apple Watch" sourceVersion="10.0" unit="ms" creationDate="2026-02-06 06:53:00 +0000" startDate="2026-02-06 06:50:00 +0000" endDate="2026-02-06 06:53:00 +0000" value="28.1" device="<<HKDevice: 0xDEMO>, name:Apple Watch, model:Watch, hardware:Watch7,4, software:10.0>"/>
  <Record type="HKQuantityTypeIdentifierAppleStandTime" sourceName="Apple Watch" sourceVersion="10.0" unit="min" creationDate="2026-02-06 21:01:00 +0000" startDate="2026-02-06 21:00:00 +0000" endDate="2026-02-06 21:01:00 +0000" value="81.8" device="<<HKDevice: 0xDEMO>, name:Apple Watch, model:Watch, hardware:Watch7,4, software:10.0>"/>
  <Record type="HKQuantityTypeIdentifierAppleExerciseTime" sourceName="Apple Watch" sourceVersion="10.0" unit="min" creationDate="2026-02-06 21:06:00 +0000" startDate="2026-02-06 21:05:00 +0000" endDate="2026-02-06 21:06:00 +0000" value="24.3" device="<<HKDevice: 0xDEMO>, name:Apple Watch, model:Watch, hardware:Watch7,4, software:10.0>"/>
  <Record type="HKQuantityTypeIdentifierRestingHeartRate" sourceName="Apple Watch" sourceVersion="10.0" unit="count/min" creationDate="2026-02-07 07:12:00 +0000" startDate="2026-02-07 07:10:00 +0000" endDate="2026-02-07 07:12:00 +0000" value="85.6" device="<<HKDevice: 0xDEMO>, name:Apple Watch, model:Watch, hardware:Watch7,4, software:10.0>"/>
  <Record type="HKQuantityTypeIdentifierRestingHeartRate" sourceName="Apple Watch" sourceVersion="10.0" unit="count/min" creationDate="2026-02-07 07:20:00 +0000" startDate="2026-02-07 07:18:00 +0000" endDate="2026-02-07 07:20:00 +0000" value="90.2" device="<<HKDevice: 0xDEMO>, name:Apple Watch, model:Watch, hardware:Watch7,4, software:10.0>"/>
  <Record type="HKQuantityTypeIdentifierRestingHeartRate" sourceName="Apple Watch" sourceVersion="10.0" unit="count/min" creationDate="2026-02-07 07:28:00 +0000" startDate="2026-02-07 07:26:00 +0000" endDate="2026-02-07 07:28:00 +0000" value="89.5" device="<<HKDevice: 0xDEMO>, name:Apple Watch, model:Watch, hardware:Watch7,4, software:10.0>"/>
  <Record type="HKQuantityTypeIdentifierHeartRateVariabilitySDNN" sourceName="Apple Watch" sourceVersion="10.0" unit="ms" creationDate="2026-02-07 06:43:00 +0000" startDate="2026-02-07 06:40:00 +0000" endDate="2026-02-07 06:43:00 +0000" value="22.5" device="<<HKDevice: 0xDEMO>, name:Apple Watch, model:Watch, hardware:Watch7,4, software:10.0>"/>
  <Record type="HKQuantityTypeIdentifierHeartRateVariabilitySDNN" sourceName="Apple Watch" sourceVersion="10.0" unit="ms" creationDate="2026-02-07 06:53:00 +0000" startDate="2026-02-07 06:50:00 +0000" endDate="2026-02-07 06:53:00 +0000" value="29.6" device="<<HKDevice: 0xDEMO>, name:Apple Watch, model:Watch, hardware:Watch7,4, software:10.0>"/>
  <Record type="HKQuantityTypeIdentifierAppleStandTime" sourceName="Apple Watch" sourceVersion="10.0" unit="min" creationDate="2026-02-07 21:01:00 +0000" startDate="2026-02-07 21:00:00 +0000" endDate="2026-02-07 21:01:00 +0000" value="83.1" device="<<HKDevice: 0xDEMO>, name:Apple Watch, model:Watch, hardware:Watch7,4, software:10.0>"/>
  <Record type="HKQuantityTypeIdentifierAppleExerciseTime" sourceName="Apple Watch" sourceVersion="10.0" unit="min" creationDate="2026-02-07 21:06:00 +0000" startDate="2026-02-07 21:05:00 +0000" endDate="2026-02-07 21:06:00 +0000" value="28.1" device="<<HKDevice: 0xDEMO>, name:Apple Watch, model:Watch, hardware:Watch7,4, software:10.0>"/>
  <Record type="HKQuantityTypeIdentifierRestingHeartRate" sourceName="Apple Watch" sourceVersion="10.0" unit="count/min" creationDate="2026-02-08 07:12:00 +0000" startDate="2026-02-08 07:10:00 +0000" endDate="2026-02-08 07:12:00 +0000" value="86.4" device="<<HKDevice: 0xDEMO>, name:Apple Watch, model:Watch, hardware:Watch7,4, software:10.0>"/>
  <Record type="HKQuantityTypeIdentifierRestingHeartRate" sourceName="Apple Watch" sourceVersion="10.0" unit="count/min" creationDate="2026-02-08 07:20:00 +0000" startDate="2026-02-08 07:18:00 +0000" endDate="2026-02-08 07:20:00 +0000" value="90.6" device="<<HKDevice: 0xDEMO>, name:Apple Watch, model:Watch, hardware:Watch7,4, software:10.0>"/>
  <Record type="HKQuantityTypeIdentifierRestingHeartRate" sourceName="Apple Watch" sourceVersion="10.0" unit="count/min" creationDate="2026-02-08 07:28:00 +0000" startDate="2026-02-08 07:26:00 +0000" endDate="2026-02-08 07:28:00 +0000" value="90.1" device="<<HKDevice: 0xDEMO>, name:Apple Watch, model:Watch, hardware:Watch7,4, software:10.0>"/>
  <Record type="HKQuantityTypeIdentifierHeartRateVariabilitySDNN" sourceName="Apple Watch" sourceVersion="10.0" unit="ms" creationDate="2026-02-08 06:43:00 +0000" startDate="2026-02-08 06:40:00 +0000" endDate="2026-02-08 06:43:00 +0000" value="23.1" device="<<HKDevice: 0xDEMO>, name:Apple Watch, model:Watch, hardware:Watch7,4, software:10.0>"/>
  <Record type="HKQuantityTypeIdentifierHeartRateVariabilitySDNN" sourceName="Apple Watch" sourceVersion="10.0" unit="ms" creationDate="2026-02-08 06:53:00 +0000" startDate="2026-02-08 06:50:00 +0000" endDate="2026-02-08 06:53:00 +0000" value="29.9" device="<<HKDevice: 0xDEMO>, name:Apple Watch, model:Watch, hardware:Watch7,4, software:10.0>"/>
  <Record type="HKQuantityTypeIdentifierAppleStandTime" sourceName="Apple Watch" sourceVersion="10.0" unit="min" creationDate="2026-02-08 21:01:00 +0000" startDate="2026-02-08 21:00:00 +0000" endDate="2026-02-08 21:01:00 +0000" value="85.0" device="<<HKDevice: 0xDEMO>, name:Apple Watch, model:Watch, hardware:Watch7,4, software:10.0>"/>
  <Record type="HKQuantityTypeIdentifierAppleExerciseTime" sourceName="Apple Watch" sourceVersion="10.0" unit="min" creationDate="2026-02-08 21:06:00 +0000" startDate="2026-02-08 21:05:00 +0000" endDate="2026-02-08 21:06:00 +0000" value="28.8" device="<<HKDevice: 0xDEMO>, name:Apple Watch, model:Watch, hardware:Watch7,4, software:10.0>"/>
</HealthData>
